-- seller
INSERT INTO `seller_seller` (`id`, `name`, `phone_number`) VALUES
    (1, "cc-admin", "00011112222"),
    (2, "홍길동", "11012341234"),
    (3, "아아호", "11043214321");

-- venue
INSERT INTO `venue_venue` (`id`, `name`, `location`, `capacity`, `is_deleted`) VALUES
    (1, '올림픽체조경기장', '서울 송파구 올림픽로 424', 15000, false),
    (2, '부산 벡스코', '부산 해운대구 APEC로 55', 7000, false),
    (3, '대구 엑스코', '대구 북구 엑스코로 10', 5000, false),
    (4, '광주 김대중컨벤션센터', '광주 서구 상무누리로 30', 6000, false);

-- concert
INSERT INTO `concert_concert` (`seller_id`, `venue_id`, `title`, `started_at`, `ended_at`,
                               `booking_started_at`, `booking_ended_at`, `is_sellable`, `is_deleted`, `created_at`,
                               `updated_at`, `thumbnail`, `description`)
VALUES
    (1, 1, '아이유 전국투어 - 서울', '2025-06-01 18:00:00', '2025-06-01 21:00:00',
     '2025-05-01 10:00:00', '2025-06-01 00:00:00', true, false, NOW(), NOW(), 'iu_seoul.jpg', '아이유의 2025년 전국투어 첫 공연'),
    (2, 2, '방탄소년단 팬미팅 - 부산', '2025-06-10 19:00:00', '2025-06-10 22:00:00',
     '2025-05-10 12:00:00', '2025-06-10 00:00:00', true, false, NOW(), NOW(), 'bts_busan.jpg', 'BTS 팬들과 함께하는 특별한 밤'),
    (1, 3, '장범준 콘서트 - 대구', '2025-06-15 17:00:00', '2025-06-15 20:00:00',
     '2025-05-15 09:00:00', '2025-06-15 00:00:00', true, false, NOW(), NOW(), 'jang_dg.jpg', '감성 가득한 여름밤의 콘서트'),
    (3, 1, '임영웅 쇼케이스 - 서울', '2025-06-20 19:00:00', '2025-06-20 21:30:00',
     '2025-05-20 10:00:00', '2025-06-20 00:00:00', true, false, NOW(), NOW(), 'lim_hero.jpg', '전 세대를 아우르는 트로트 열기'),
    (2, 4, '에스파 미니콘 - 광주', '2025-07-05 18:00:00', '2025-07-05 20:00:00',
     '2025-06-01 14:00:00', '2025-07-05 00:00:00', true, false, NOW(), NOW(), 'aespa_gj.jpg', '에스파와 광주 팬들의 특별한 만남'),
    (1, 2, 'AKMU 어쿠스틱 나잇', '2025-06-25 18:30:00', '2025-06-25 21:00:00',
     '2025-05-25 10:00:00', '2025-06-25 00:00:00', true, false, NOW(), NOW(), 'akmu_busan.jpg', '소박하고 따뜻한 음악 여행'),
    (3, 1, '싸이 흠뻑쇼 - 서울', '2025-07-15 19:30:00', '2025-07-15 22:30:00',
     '2025-06-01 12:00:00', '2025-07-15 00:00:00', true, false, NOW(), NOW(), 'psy_show.jpg', '물 뿌리는 여름 콘서트'),
    (1, 2, '10CM 여름 콘서트', '2025-07-20 18:00:00', '2025-07-20 20:00:00',
     '2025-06-15 11:00:00', '2025-07-20 00:00:00', true, false, NOW(), NOW(), '10cm_summer.jpg', '달콤한 감성 라이브'),
    (2, 3, '이무진 콘서트 - 대구', '2025-07-25 19:00:00', '2025-07-25 21:30:00',
     '2025-06-25 10:00:00', '2025-07-25 00:00:00', true, false, NOW(), NOW(), 'moo_dg.jpg', '이무진의 매력 넘치는 무대'),
    (3, 4, '볼빨간사춘기 - 광주 소극장', '2025-08-01 17:00:00', '2025-08-01 19:00:00',
     '2025-07-01 09:00:00', '2025-08-01 00:00:00', true, false, NOW(), NOW(), 'bb_spring.jpg', '소극장에서 만나는 볼사'),
    (2, 1, '크러쉬 서울 공연', '2025-08-10 18:30:00', '2025-08-10 20:30:00',
     '2025-07-10 10:00:00', '2025-08-10 00:00:00', true, false, NOW(), NOW(), 'crush_seoul.jpg', '감성 R&B의 정점'),
    (1, 2, '선미 여름투어 - 부산', '2025-08-15 19:00:00', '2025-08-15 21:00:00',
     '2025-07-15 12:00:00', '2025-08-15 00:00:00', true, false, NOW(), NOW(), 'sunmi_busan.jpg', '화려하고 파워풀한 무대'),
    (3, 3, '적재 콘서트 - 대구', '2025-08-20 18:00:00', '2025-08-20 20:00:00',
     '2025-07-20 09:00:00', '2025-08-20 00:00:00', true, false, NOW(), NOW(), 'jakjae_dg.jpg', '기타와 목소리로 채우는 밤'),
    (2, 4, 'DAY6 밴드 라이브 - 광주', '2025-08-25 19:30:00', '2025-08-25 22:00:00',
     '2025-07-25 11:00:00', '2025-08-25 00:00:00', true, false, NOW(), NOW(), 'day6_gj.jpg', '밴드 라이브의 진수'),
    (1, 1, 'NCT 127 서울 팬콘', '2025-09-01 18:00:00', '2025-09-01 21:00:00',
     '2025-08-01 10:00:00', '2025-09-01 00:00:00', true, false, NOW(), NOW(), 'nct127_fan.jpg', '서울에서 만나는 NCT 127'),
    (3, 2, '폴킴 콘서트 - 부산', '2025-09-05 18:00:00', '2025-09-05 20:30:00',
     '2025-08-05 13:00:00', '2025-09-05 00:00:00', true, false, NOW(), NOW(), 'pk_busan.jpg', '가을 감성 충전'),
    (2, 3, '잔나비 대구 공연', '2025-09-10 17:30:00', '2025-09-10 20:00:00',
     '2025-08-10 10:00:00', '2025-09-10 00:00:00', true, false, NOW(), NOW(), 'jannabi_dg.jpg', '추억을 소환하는 시간'),
    (1, 4, '이하이 광주 콘서트', '2025-09-15 19:00:00', '2025-09-15 21:00:00',
     '2025-08-15 11:00:00', '2025-09-15 00:00:00', true, false, NOW(), NOW(), 'leehi_gj.jpg', '이하이와 함께하는 가을 밤'),
    (3, 1, 'ZICO - 서울 단독공연', '2025-09-20 18:00:00', '2025-09-20 20:30:00',
     '2025-08-20 10:00:00', '2025-09-20 00:00:00', true, false, NOW(), NOW(), 'zico_seoul.jpg', '강렬한 무대, ZICO의 귀환'),
    (2, 2, '라포엠 부산 리사이틀', '2025-09-25 18:00:00', '2025-09-25 20:00:00',
     '2025-08-25 12:00:00', '2025-09-25 00:00:00', true, false, NOW(), NOW(), 'lapoem_busan.jpg', '클래식과 대중의 경계에서');
